Workbook

Sheet Resumen
A1: Resumen de trabajo – Septiembre 2026
A2: Los datos salen de las otras hojas
A4: Concepto | B4: Días trabajados | C4: Horas por persona | D4: Horas totales | E4: Kilómetros
A5: Jose y Emilio | B5: =COUNT('1 - Horas Jose y Emilio'!A5:A22) | C5: ='1 - Horas Jose y Emilio'!E23 | D5: ='1 - Horas Jose y Emilio'!F23 | E5: ='3 - Km gasolina Jose y Emilio'!E10
A6: Tractor – Saba Pistachio | B6: =COUNT('2 - Tractor Saba Pistachio'!C5:C11) | C6: ='2 - Tractor Saba Pistachio'!C12 | D6: =C6 | E6: ='2 - Tractor Saba Pistachio'!D12
A7: TOTAL KILÓMETROS | E7: =E5+E6
A9: Las horas totales de Jose y Emilio son personas × horas de cada día. La del tractor es una sola persona.

Sheet 1 - Horas Jose y Emilio
A1: Horas trabajadas – Jose y Emilio
A2: Septiembre 2026 · Horas totales = personas × horas por persona
A4: Día de trabajo | B4: Fecha | C4: Día de la semana | D4: Nº de personas | E4: Horas por persona | F4: Horas totales
A5: 1 | B5: 46269 | C5: Viernes | D5: 5 | E5: 8 | F5: =D5*E5
A6: 2 | B6: 46270 | C6: Sábado | D6: 4 | E6: 10 | F6: =D6*E6
A7: 3 | B7: 46271 | C7: Domingo | D7: 5 | E7: 7 | F7: =D7*E7
A8: 4 | B8: 46273 | C8: Martes | D8: 5 | E8: 7.5 | F8: =D8*E8
A9: 5 | B9: 46274 | C9: Miércoles | D9: 5 | E9: 7 | F9: =D9*E9
A10: 6 | B10: 46275 | C10: Jueves | D10: 5 | E10: 8 | F10: =D10*E10
A11: 7 | B11: 46276 | C11: Viernes | D11: 5 | E11: 8 | F11: =D11*E11
A12: 8 | B12: 46279 | C12: Lunes | D12: 5 | E12: 8 | F12: =D12*E12
A13: 9 | B13: 46282 | C13: Jueves | D13: 5 | E13: 8 | F13: =D13*E13
A14: 10 | B14: 46283 | C14: Viernes | D14: 5 | E14: 8 | F14: =D14*E14
A15: 11 | B15: 46286 | C15: Lunes | D15: 5 | E15: 7 | F15: =D15*E15
A16: 12 | B16: 46287 | C16: Martes | D16: 5 | E16: 6.5 | F16: =D16*E16
... A22: 18 | B22: 46294 | C22: Martes | D22: 5 | E22: 1.5 | F22: =D22*E22
A23: TOTAL | B23: =COUNT(A5:A22)&" días" | E23: =SUM(E5:E22) | F23: =SUM(F5:F22)
A25: Notas: el 5 sep trabajaron 4 personas; el 29 sep fueron 1,5 horas. Días sin registro (7, 12, 13, 15, 16, 19, 20 y 26) fueron libres.

Sheet 2 - Tractor Saba Pistachio
A1: Horas con tractor – empresa Saba Pistachio
A2: Septiembre 2026 · Incluye gasolina · 30 km cada día (ida y vuelta)
A4: Fecha | B4: Día de la semana | C4: Horas | D4: Km ida y vuelta
A5: 46272 | B5: Lunes | C5: 10.5 | D5: 30
A6: 46273 | B6: Martes | C6: 12 | D6: 30
A7: 46274 | B7: Miércoles | C7: 12 | D7: 30
A8: 46275 | B8: Jueves | C8: 12 | D8: 30
A9: 46276 | B9: Viernes | C9: 12 | D9: 30
A10: 46277 | B10: Sábado | C10: 12 | D10: 30
A11: 46278 | B11: Domingo | C11: 12 | D11: 30
A12: TOTAL | B12: =COUNT(C5:C11)&" días" | C12: =SUM(C5:C11) | D12: =SUM(D5:D11)
A14: Nota: el trabajador escribió «lunes 13», pero el 13 de septiembre de 2026 es domingo.

Sheet 3 - Km gasolina Jose y Emilio
A1: Kilómetros de gasolina – Jose y Emilio
A2: Septiembre 2026 · Km por viaje = km de ida × 2 · Km totales = km por viaje × nº de veces
A4: Destino | B4: Nº de veces | C4: Km de ida | D4: Km ida y vuelta por viaje | E4: Km totales
A5: Casas Ibáñez y Mahora | B5: 3 | C5: 27 | D5: =C5*2 | E5: =D5*B5
A6: Detrás de Albacete | B6: 1 | C6: 60 | D6: =C6*2 | E6: =D6*B6
A7: Villanueva de la Jara | B7: 7 | C7: 57 | D7: =C7*2 | E7: =D7*B7
A8: Navas Jorquera | B8: 1 | C8: 27 | D8: =C8*2 | E8: =D8*B8
A9: Detrás de Ledeña (6 días) | B9: 6 | C9: 29 | D9: =C9*2 | E9: =D9*B9
A10: TOTAL Jose y Emilio | B10: =SUM(B5:B9)&" viajes" | E10: =SUM(E5:E9)
